{"initial_reset_timestamp": 1676392557.537869, "timestamps": [1676392564.5577972, 1676392567.353726, 1676392567.38175, 1676392567.391097, 1676392567.40033, 1676392567.40944, 1676392567.4185228, 1676392567.4281, 1676392570.195127, 1676392570.22286, 1676392570.2320588, 1676392570.241228, 1676392570.250296, 1676392570.2593348, 1676392570.2683651, 1676392570.2774029, 1676392570.286407, 1676392570.295417, 1676392570.304468, 1676392570.313688, 1676392570.322728, 1676392570.3317702, 1676392570.341017, 1676392570.3500218, 1676392570.359041, 1676392570.368012, 1676392570.377006, 1676392573.0968168, 1676392573.124958, 1676392573.134203, 1676392573.143339, 1676392573.152438, 1676392573.1615171, 1676392573.17062, 1676392573.179777, 1676392573.188915, 1676392573.198039, 1676392573.20754, 1676392573.2171462, 1676392573.2268102, 1676392573.236515, 1676392573.245929, 1676392573.255552, 1676392573.2650769, 1676392573.274459, 1676392573.283911, 1676392573.293219, 1676392573.3025699, 1676392573.3120708, 1676392573.3213608, 1676392573.330688, 1676392573.340012, 1676392573.349321, 1676392573.3586109, 1676392573.367967, 1676392573.3773792, 1676392573.386687, 1676392573.395933, 1676392573.405021, 1676392573.414123, 1676392573.423247, 1676392573.432341, 1676392573.441469, 1676392573.4507678, 1676392576.263187, 1676392576.292487, 1676392576.302022, 1676392576.311306, 1676392576.320778, 1676392576.329922, 1676392576.3391318, 1676392576.3484201, 1676392576.3576179, 1676392576.366716, 1676392576.376052, 1676392576.385462, 1676392576.395087, 1676392576.404651, 1676392576.414142, 1676392576.4234722, 1676392576.432758, 1676392576.442262, 1676392576.451574, 1676392576.460905, 1676392576.469932, 1676392576.479007, 1676392576.488034, 1676392576.497052, 1676392576.506172, 1676392576.51526, 1676392576.5243268, 1676392576.533335, 1676392576.5425029, 1676392576.552018, 1676392576.5613272, 1676392576.570633, 1676392576.579975, 1676392576.5893261, 1676392576.598449, 1676392576.60781], "episode_lengths": [200, 200, 200, 200, 200, 200, 200, 200, 200, 200, 200, 200, 200, 200, 200, 200, 200, 200, 200, 200, 200, 200, 200, 200, 200, 200, 200, 200, 200, 200, 200, 200, 200, 200, 200, 200, 200, 200, 200, 200, 200, 200, 200, 200, 200, 200, 200, 200, 200, 200, 200, 200, 200, 200, 200, 200, 200, 200, 200, 200, 200, 200, 200, 200, 200, 200, 200, 200, 200, 200, 200, 200, 200, 200, 200, 200, 200, 200, 200, 200, 200, 200, 200, 200, 200, 200, 200, 200, 200, 200, 200, 200, 200, 200, 200, 200, 200, 200, 200, 200], "episode_rewards": [200.0, 200.0, 200.0, 200.0, 200.0, 200.0, 200.0, 200.0, 200.0, 200.0, 200.0, 200.0, 200.0, 200.0, 200.0, 200.0, 200.0, 200.0, 200.0, 200.0, 200.0, 200.0, 200.0, 200.0, 200.0, 200.0, 200.0, 200.0, 200.0, 200.0, 200.0, 200.0, 200.0, 200.0, 200.0, 200.0, 200.0, 200.0, 200.0, 200.0, 200.0, 200.0, 200.0, 200.0, 200.0, 200.0, 200.0, 200.0, 200.0, 200.0, 200.0, 200.0, 200.0, 200.0, 200.0, 200.0, 200.0, 200.0, 200.0, 200.0, 200.0, 200.0, 200.0, 200.0, 200.0, 200.0, 200.0, 200.0, 200.0, 200.0, 200.0, 200.0, 200.0, 200.0, 200.0, 200.0, 200.0, 200.0, 200.0, 200.0, 200.0, 200.0, 200.0, 200.0, 200.0, 200.0, 200.0, 200.0, 200.0, 200.0, 200.0, 200.0, 200.0, 200.0, 200.0, 200.0, 200.0, 200.0, 200.0, 200.0], "episode_types": ["t", "t", "t", "t", "t", "t", "t", "t", "t", "t", "t", "t", "t", "t", "t", "t", "t", "t", "t", "t", "t", "t", "t", "t", "t", "t", "t", "t", "t", "t", "t", "t", "t", "t", "t", "t", "t", "t", "t", "t", "t", "t", "t", "t", "t", "t", "t", "t", "t", "t", "t", "t", "t", "t", "t", "t", "t", "t", "t", "t", "t", "t", "t", "t", "t", "t", "t", "t", "t", "t", "t", "t", "t", "t", "t", "t", "t", "t", "t", "t", "t", "t", "t", "t", "t", "t", "t", "t", "t", "t", "t", "t", "t", "t", "t", "t", "t", "t", "t", "t"]}